{
    "tests_by_mangled_function_name": {},
    "duration_by_test": {
        "tests/smoke/test_basic.py::test_instantiation": 0.0005098789997646236,
        "tests/smoke/test_basic.py::test_simplest": 0.00028211000017108745,
        "tests/smoke/test_basic.py::test_with_extra_info": 0.00037507499973798986,
        "tests/smoke/test_basic.py::test_with_params[zero]": 0.0002654999998412677,
        "tests/smoke/test_basic.py::test_with_params[one]": 0.0003811080000559741,
        "tests/smoke/test_basic.py::test_with_params[two]": 0.0002436479999232688,
        "tests/smoke/test_basic.py::test_raise": 0.00018351500011704047,
        "tests/smoke/test_factory.py::test_model_factory": 0.0002768909998849267,
        "tests/unit/test_aprox.py::test_with_approx": 0.00020578699968609726,
        "tests/unit/test_factories.py::test_stub_factory": 0.00020018699979118537,
        "tests/unit/test_factories.py::test_dict_factory": 0.00019740099969567382,
        "tests/unit/test_factories.py::test_named_tuple_factory": 0.00014163599962557782,
        "tests/unit/test_factories.py::test_batch_factories": 0.0003996420000476064,
        "tests/unit/test_logging.py::test_one": 0.00017999800002144184,
        "tests/unit/test_logging.py::test_two": 0.00019878400007655728,
        "tests/unit/test_logging.py::test_three": 0.0004241279998495884,
        "tests/unit/test_mocks.py::test_stubbing": 0.00022863999993205653,
        "tests/unit/test_mocks.py::test_mock_patching": 0.00046295100037241355,
        "tests/unit/test_mocks.py::test_mock_side_effect": 0.0002735339999162534,
        "tests/unit/test_mocks.py::test_mock_magic_method": 0.00023980100013432093,
        "tests/unit/test_mocks.py::test_with_spy": 0.00033251600007133675,
        "tests/unit/test_mocks.py::test_with_better_spy": 0.00042253499987054965,
        "tests/unit/test_model_factories.py::test_model_factory": 0.00020482499985519098,
        "tests/unit/test_model_factories.py::test_model_factory_as_dict": 0.0002956059997814009,
        "tests/unit/test_mutation_detection.py::TestMutationDetection::test_function_returns_exactly_double[0-0]": 0.000163767999765696,
        "tests/unit/test_mutation_detection.py::TestMutationDetection::test_function_returns_exactly_double[1-2]": 0.00014667599998574588,
        "tests/unit/test_mutation_detection.py::TestMutationDetection::test_function_returns_exactly_double[2-4]": 0.000297969999792258,
        "tests/unit/test_mutation_detection.py::TestMutationDetection::test_function_returns_exactly_double[5-10]": 0.00018791399998008274,
        "tests/unit/test_mutation_detection.py::TestMutationDetection::test_function_returns_exactly_double[-1--2]": 0.00014666600009149988,
        "tests/unit/test_mutation_detection.py::TestMutationDetection::test_function_returns_exactly_double[0.5-1.0]": 0.00014651600031356793,
        "tests/unit/test_mutation_detection.py::TestMutationDetection::test_function_returns_exactly_double[10.5-21.0]": 0.00017542999967190553,
        "tests/unit/test_mutation_detection.py::TestMutationDetection::test_function_coefficient_is_exactly_two": 0.00022794799997427617,
        "tests/unit/test_mutation_detection.py::TestMutationDetection::test_function_with_none_input": 0.0001770529997884296,
        "tests/unit/test_mutation_detection.py::TestMutationDetection::test_function_with_invalid_type_raises_error": 0.00020521600026768283,
        "tests/unit/test_mutation_detection.py::TestModelMutationDetection::test_user_table_name_is_correct": 0.0002033319997281069,
        "tests/unit/test_mutation_detection.py::TestModelMutationDetection::test_user_has_required_columns": 0.00021072599975013873,
        "tests/unit/test_mutation_detection.py::TestModelMutationDetection::test_user_id_is_primary_key": 0.00021704800019506365,
        "tests/unit/test_mutation_detection.py::TestModelMutationDetection::test_user_column_types": 0.00033590199973332346,
        "tests/unit/test_mutation_detection.py::TestEdgeCases::test_function_with_very_large_numbers": 0.00016283700006169965,
        "tests/unit/test_mutation_detection.py::TestEdgeCases::test_function_with_very_small_numbers": 0.00021944299987808336,
        "tests/unit/test_mutation_detection.py::TestEdgeCases::test_function_with_zero": 0.00040161600009014364,
        "tests/smoke/test_basic.py::test_will_fail": 0.0005613070002254972
    },
    "stats_time": 3.528677536
}